[2014-07-30T19:04:05]	2928.000000	ms	cpu	paraffins	Racket	AllBenchmarks		0	1		nothing
[2014-07-30T19:04:05]	1548.000000	ms	gc	paraffins	Racket	AllBenchmarks		0	1		nothing
[2014-07-30T19:04:05]	2924.000000	ms	total	paraffins	Racket	AllBenchmarks		0	1		nothing
[2014-07-30T19:04:07]	780.000000	ms	cpu	nucleic	Racket	AllBenchmarks		0	1		nothing
[2014-07-30T19:04:07]	36.000000	ms	gc	nucleic	Racket	AllBenchmarks		0	1		nothing
[2014-07-30T19:04:07]	779.000000	ms	total	nucleic	Racket	AllBenchmarks		0	1		nothing
[2014-07-30T19:04:11]	2000.000000	ms	cpu	takl	Pycket	AllBenchmarks		0	1		nothing
[2014-07-30T19:04:11]	0.000000	ms	gc	takl	Pycket	AllBenchmarks		0	1		nothing
[2014-07-30T19:04:11]	2000.000000	ms	total	takl	Pycket	AllBenchmarks		0	1		nothing
[2014-07-30T19:04:12]	980.000000	ms	cpu	nqueens	Racket	AllBenchmarks		0	1		nothing
[2014-07-30T19:04:12]	44.000000	ms	gc	nqueens	Racket	AllBenchmarks		0	1		nothing
[2014-07-30T19:04:12]	979.000000	ms	total	nqueens	Racket	AllBenchmarks		0	1		nothing
[2014-07-30T19:04:21]	1352.000000	ms	cpu	pnpoly	Racket	AllBenchmarks		0	1		nothing
[2014-07-30T19:04:21]	40.000000	ms	gc	pnpoly	Racket	AllBenchmarks		0	1		nothing
[2014-07-30T19:04:21]	1351.000000	ms	total	pnpoly	Racket	AllBenchmarks		0	1		nothing
[2014-07-30T19:04:24]	524.000000	ms	cpu	pi	Racket	AllBenchmarks		0	1		nothing
[2014-07-30T19:04:24]	24.000000	ms	gc	pi	Racket	AllBenchmarks		0	1		nothing
[2014-07-30T19:04:24]	522.000000	ms	total	pi	Racket	AllBenchmarks		0	1		nothing
[2014-07-30T19:04:33]	404.000000	ms	cpu	ack	Pycket	AllBenchmarks		0	1		nothing
[2014-07-30T19:04:33]	0.000000	ms	gc	ack	Pycket	AllBenchmarks		0	1		nothing
[2014-07-30T19:04:33]	404.000000	ms	total	ack	Pycket	AllBenchmarks		0	1		nothing
[2014-07-30T19:04:35]	972.000000	ms	cpu	peval	Racket	AllBenchmarks		0	1		nothing
[2014-07-30T19:04:35]	40.000000	ms	gc	peval	Racket	AllBenchmarks		0	1		nothing
[2014-07-30T19:04:35]	971.000000	ms	total	peval	Racket	AllBenchmarks		0	1		nothing
[2014-07-30T19:04:51]	2288.000000	ms	cpu	perm9	Racket	AllBenchmarks		0	1		nothing
[2014-07-30T19:04:51]	1868.000000	ms	gc	perm9	Racket	AllBenchmarks		0	1		nothing
[2014-07-30T19:04:51]	2287.000000	ms	total	perm9	Racket	AllBenchmarks		0	1		nothing
[2014-07-30T19:04:53]	2024.000000	ms	cpu	lattice	Racket	AllBenchmarks		0	1		nothing
[2014-07-30T19:04:53]	32.000000	ms	gc	lattice	Racket	AllBenchmarks		0	1		nothing
[2014-07-30T19:04:53]	2024.000000	ms	total	lattice	Racket	AllBenchmarks		0	1		nothing
[2014-07-30T19:05:15]	1292.000000	ms	cpu	graphs	Racket	AllBenchmarks		0	1		nothing
[2014-07-30T19:05:15]	52.000000	ms	gc	graphs	Racket	AllBenchmarks		0	1		nothing
[2014-07-30T19:05:15]	1296.000000	ms	total	graphs	Racket	AllBenchmarks		0	1		nothing
[2014-07-30T19:06:15]	37430.000000	ms	cpu	gcold	Racket	AllBenchmarks		0	1		nothing
[2014-07-30T19:06:15]	23421.000000	ms	gc	gcold	Racket	AllBenchmarks		0	1		nothing
[2014-07-30T19:06:15]	37377.000000	ms	total	gcold	Racket	AllBenchmarks		0	1		nothing
[2014-07-30T19:06:17]	1252.000000	ms	cpu	takl	Racket	AllBenchmarks		0	1		nothing
[2014-07-30T19:06:17]	0.000000	ms	gc	takl	Racket	AllBenchmarks		0	1		nothing
[2014-07-30T19:06:17]	1253.000000	ms	total	takl	Racket	AllBenchmarks		0	1		nothing
[2014-07-30T19:06:19]	1300.000000	ms	cpu	gcbench	Racket	AllBenchmarks		0	1		nothing
[2014-07-30T19:06:19]	292.000000	ms	gc	gcbench	Racket	AllBenchmarks		0	1		nothing
[2014-07-30T19:06:19]	1297.000000	ms	total	gcbench	Racket	AllBenchmarks		0	1		nothing
[2014-07-30T19:06:21]	1736.000000	ms	cpu	mbrot	Racket	AllBenchmarks		0	1		nothing
[2014-07-30T19:06:21]	156.000000	ms	gc	mbrot	Racket	AllBenchmarks		0	1		nothing
[2014-07-30T19:06:21]	1734.000000	ms	total	mbrot	Racket	AllBenchmarks		0	1		nothing
[2014-07-30T19:06:29]	1160.000000	ms	cpu	mazefun	Racket	AllBenchmarks		0	1		nothing
[2014-07-30T19:06:29]	48.000000	ms	gc	mazefun	Racket	AllBenchmarks		0	1		nothing
[2014-07-30T19:06:29]	1157.000000	ms	total	mazefun	Racket	AllBenchmarks		0	1		nothing
[2014-07-30T19:06:34]	2860.000000	ms	cpu	primes	Pycket	AllBenchmarks		0	1		nothing
[2014-07-30T19:06:34]	0.000000	ms	gc	primes	Pycket	AllBenchmarks		0	1		nothing
[2014-07-30T19:06:34]	2860.000000	ms	total	primes	Pycket	AllBenchmarks		0	1		nothing
[2014-07-30T19:06:35]	1048.000000	ms	cpu	maze	Racket	AllBenchmarks		0	1		nothing
[2014-07-30T19:06:35]	36.000000	ms	gc	maze	Racket	AllBenchmarks		0	1		nothing
[2014-07-30T19:06:35]	1047.000000	ms	total	maze	Racket	AllBenchmarks		0	1		nothing
[2014-07-30T19:06:44]	1780.000000	ms	cpu	matrix	Racket	AllBenchmarks		0	1		nothing
[2014-07-30T19:06:44]	56.000000	ms	gc	matrix	Racket	AllBenchmarks		0	1		nothing
[2014-07-30T19:06:44]	1778.000000	ms	total	matrix	Racket	AllBenchmarks		0	1		nothing
[2014-07-30T19:06:46]	1180.000000	ms	cpu	earley	Racket	AllBenchmarks		0	1		nothing
[2014-07-30T19:06:46]	180.000000	ms	gc	earley	Racket	AllBenchmarks		0	1		nothing
[2014-07-30T19:06:46]	1176.000000	ms	total	earley	Racket	AllBenchmarks		0	1		nothing
[2014-07-30T19:06:49]	884.000000	ms	cpu	mbrot	Pycket	AllBenchmarks		0	1		nothing
[2014-07-30T19:06:49]	0.000000	ms	gc	mbrot	Pycket	AllBenchmarks		0	1		nothing
[2014-07-30T19:06:49]	884.000000	ms	total	mbrot	Pycket	AllBenchmarks		0	1		nothing
[2014-07-30T19:06:51]	284.000000	ms	cpu	array1	Pycket	AllBenchmarks		0	1		nothing
[2014-07-30T19:06:51]	0.000000	ms	gc	array1	Pycket	AllBenchmarks		0	1		nothing
[2014-07-30T19:06:51]	284.000000	ms	total	array1	Pycket	AllBenchmarks		0	1		nothing
[2014-07-30T19:06:53]	552.000000	ms	cpu	dynamic	Racket	AllBenchmarks		0	1		nothing
[2014-07-30T19:06:53]	60.000000	ms	gc	dynamic	Racket	AllBenchmarks		0	1		nothing
[2014-07-30T19:06:53]	552.000000	ms	total	dynamic	Racket	AllBenchmarks		0	1		nothing
[2014-07-30T19:06:56]	2132.000000	ms	cpu	divrec	Racket	AllBenchmarks		0	1		nothing
[2014-07-30T19:06:56]	108.000000	ms	gc	divrec	Racket	AllBenchmarks		0	1		nothing
[2014-07-30T19:06:56]	2132.000000	ms	total	divrec	Racket	AllBenchmarks		0	1		nothing
[2014-07-30T19:07:01]	3404.000000	ms	cpu	cpstak	Pycket	AllBenchmarks		0	1		nothing
[2014-07-30T19:07:01]	0.000000	ms	gc	cpstak	Pycket	AllBenchmarks		0	1		nothing
[2014-07-30T19:07:01]	3404.000000	ms	total	cpstak	Pycket	AllBenchmarks		0	1		nothing
[2014-07-30T19:07:03]	1572.000000	ms	cpu	diviter	Racket	AllBenchmarks		0	1		nothing
[2014-07-30T19:07:03]	132.000000	ms	gc	diviter	Racket	AllBenchmarks		0	1		nothing
[2014-07-30T19:07:03]	1571.000000	ms	total	diviter	Racket	AllBenchmarks		0	1		nothing
[2014-07-30T19:07:05]	1224.000000	ms	cpu	fibfp	Racket	AllBenchmarks		0	1		nothing
[2014-07-30T19:07:05]	92.000000	ms	gc	fibfp	Racket	AllBenchmarks		0	1		nothing
[2014-07-30T19:07:05]	1221.000000	ms	total	fibfp	Racket	AllBenchmarks		0	1		nothing
[2014-07-30T19:07:40]	28249.000000	ms	cpu	fibc	Racket	AllBenchmarks		0	1		nothing
[2014-07-30T19:07:40]	2440.000000	ms	gc	fibc	Racket	AllBenchmarks		0	1		nothing
[2014-07-30T19:07:40]	28202.000000	ms	total	fibc	Racket	AllBenchmarks		0	1		nothing
[2014-07-30T19:07:48]	1184.000000	ms	cpu	fib	Racket	AllBenchmarks		0	1		nothing
[2014-07-30T19:07:48]	0.000000	ms	gc	fib	Racket	AllBenchmarks		0	1		nothing
[2014-07-30T19:07:48]	1182.000000	ms	total	fib	Racket	AllBenchmarks		0	1		nothing
[2014-07-30T19:07:56]	920.000000	ms	cpu	fft	Racket	AllBenchmarks		0	1		nothing
[2014-07-30T19:07:56]	68.000000	ms	gc	fft	Racket	AllBenchmarks		0	1		nothing
[2014-07-30T19:07:56]	919.000000	ms	total	fft	Racket	AllBenchmarks		0	1		nothing
[2014-07-30T19:08:17]	736.000000	ms	cpu	pnpoly	Pycket	AllBenchmarks		0	1		nothing
[2014-07-30T19:08:17]	0.000000	ms	gc	pnpoly	Pycket	AllBenchmarks		0	1		nothing
[2014-07-30T19:08:17]	736.000000	ms	total	pnpoly	Pycket	AllBenchmarks		0	1		nothing
[2014-07-30T19:08:20]	876.000000	ms	cpu	diviter	Pycket	AllBenchmarks		0	1		nothing
[2014-07-30T19:08:20]	0.000000	ms	gc	diviter	Pycket	AllBenchmarks		0	1		nothing
[2014-07-30T19:08:20]	876.000000	ms	total	diviter	Pycket	AllBenchmarks		0	1		nothing
[2014-07-30T19:08:22]	1352.000000	ms	cpu	destruc	Racket	AllBenchmarks		0	1		nothing
[2014-07-30T19:08:22]	36.000000	ms	gc	destruc	Racket	AllBenchmarks		0	1		nothing
[2014-07-30T19:08:22]	1348.000000	ms	total	destruc	Racket	AllBenchmarks		0	1		nothing
[2014-07-30T19:08:24]	300.000000	ms	cpu	fft	Pycket	AllBenchmarks		0	1		nothing
[2014-07-30T19:08:24]	0.000000	ms	gc	fft	Pycket	AllBenchmarks		0	1		nothing
[2014-07-30T19:08:24]	300.000000	ms	total	fft	Pycket	AllBenchmarks		0	1		nothing
[2014-07-30T19:08:27]	1688.000000	ms	cpu	deriv	Racket	AllBenchmarks		0	1		nothing
[2014-07-30T19:08:27]	144.000000	ms	gc	deriv	Racket	AllBenchmarks		0	1		nothing
[2014-07-30T19:08:27]	1687.000000	ms	total	deriv	Racket	AllBenchmarks		0	1		nothing
[2014-07-30T19:08:32]	2896.000000	ms	cpu	divrec	Pycket	AllBenchmarks		0	1		nothing
[2014-07-30T19:08:32]	0.000000	ms	gc	divrec	Pycket	AllBenchmarks		0	1		nothing
[2014-07-30T19:08:32]	2896.000000	ms	total	divrec	Pycket	AllBenchmarks		0	1		nothing
[2014-07-30T19:08:41]	1852.000000	ms	cpu	cpstak	Racket	AllBenchmarks		0	1		nothing
[2014-07-30T19:08:41]	104.000000	ms	gc	cpstak	Racket	AllBenchmarks		0	1		nothing
[2014-07-30T19:08:41]	1852.000000	ms	total	cpstak	Racket	AllBenchmarks		0	1		nothing
[2014-07-30T19:08:54]	92.000000	ms	cpu	ack	Racket	AllBenchmarks		0	1		nothing
[2014-07-30T19:08:54]	0.000000	ms	gc	ack	Racket	AllBenchmarks		0	1		nothing
[2014-07-30T19:08:54]	93.000000	ms	total	ack	Racket	AllBenchmarks		0	1		nothing
[2014-07-30T19:09:09]	1132.000000	ms	cpu	conform	Racket	AllBenchmarks		0	1		nothing
[2014-07-30T19:09:09]	24.000000	ms	gc	conform	Racket	AllBenchmarks		0	1		nothing
[2014-07-30T19:09:09]	1133.000000	ms	total	conform	Racket	AllBenchmarks		0	1		nothing
[2014-07-30T19:09:28]	712.000000	ms	cpu	array1	Racket	AllBenchmarks		0	1		nothing
[2014-07-30T19:09:28]	128.000000	ms	gc	array1	Racket	AllBenchmarks		0	1		nothing
[2014-07-30T19:09:28]	715.000000	ms	total	array1	Racket	AllBenchmarks		0	1		nothing
[2014-07-30T19:09:31]	1112.000000	ms	cpu	triangl	Pycket	AllBenchmarks		0	1		nothing
[2014-07-30T19:09:31]	0.000000	ms	gc	triangl	Pycket	AllBenchmarks		0	1		nothing
[2014-07-30T19:09:31]	1112.000000	ms	total	triangl	Pycket	AllBenchmarks		0	1		nothing
[2014-07-30T19:10:15]	43730.000000	ms	cpu	ctak	Racket	AllBenchmarks		0	1		nothing
[2014-07-30T19:10:15]	4372.000000	ms	gc	ctak	Racket	AllBenchmarks		0	1		nothing
[2014-07-30T19:10:15]	43680.000000	ms	total	ctak	Racket	AllBenchmarks		0	1		nothing
[2014-07-30T19:10:19]	3352.000000	ms	cpu	browse	Racket	AllBenchmarks		0	1		nothing
[2014-07-30T19:10:19]	128.000000	ms	gc	browse	Racket	AllBenchmarks		0	1		nothing
[2014-07-30T19:10:19]	3345.000000	ms	total	browse	Racket	AllBenchmarks		0	1		nothing
[2014-07-30T19:10:21]	136.000000	ms	cpu	sumloop	Pycket	AllBenchmarks		0	1		nothing
[2014-07-30T19:10:21]	0.000000	ms	gc	sumloop	Pycket	AllBenchmarks		0	1		nothing
[2014-07-30T19:10:21]	136.000000	ms	total	sumloop	Pycket	AllBenchmarks		0	1		nothing
[2014-07-30T19:10:42]	32.000000	ms	cpu	string	Pycket	AllBenchmarks		0	1		nothing
[2014-07-30T19:10:42]	0.000000	ms	gc	string	Pycket	AllBenchmarks		0	1		nothing
[2014-07-30T19:10:42]	32.000000	ms	total	string	Pycket	AllBenchmarks		0	1		nothing
[2014-07-30T19:10:47]	3972.000000	ms	cpu	fib	Pycket	AllBenchmarks		0	1		nothing
[2014-07-30T19:10:47]	0.000000	ms	gc	fib	Pycket	AllBenchmarks		0	1		nothing
[2014-07-30T19:10:47]	3972.000000	ms	total	fib	Pycket	AllBenchmarks		0	1		nothing
[2014-07-30T19:10:50]	1812.000000	ms	cpu	triangl	Racket	AllBenchmarks		0	1		nothing
[2014-07-30T19:10:50]	0.000000	ms	gc	triangl	Racket	AllBenchmarks		0	1		nothing
[2014-07-30T19:10:50]	1809.000000	ms	total	triangl	Racket	AllBenchmarks		0	1		nothing
[2014-07-30T19:11:23]	5180.000000	ms	cpu	tak	Pycket	AllBenchmarks		0	1		nothing
[2014-07-30T19:11:23]	0.000000	ms	gc	tak	Pycket	AllBenchmarks		0	1		nothing
[2014-07-30T19:11:23]	5180.000000	ms	total	tak	Pycket	AllBenchmarks		0	1		nothing
[2014-07-30T19:11:25]	1076.000000	ms	cpu	tak	Racket	AllBenchmarks		0	1		nothing
[2014-07-30T19:11:25]	0.000000	ms	gc	tak	Racket	AllBenchmarks		0	1		nothing
[2014-07-30T19:11:25]	1075.000000	ms	total	tak	Racket	AllBenchmarks		0	1		nothing
[2014-07-30T19:11:27]	624.000000	ms	cpu	pi	Pycket	AllBenchmarks		0	1		nothing
[2014-07-30T19:11:27]	0.000000	ms	gc	pi	Pycket	AllBenchmarks		0	1		nothing
[2014-07-30T19:11:27]	624.000000	ms	total	pi	Pycket	AllBenchmarks		0	1		nothing
[2014-07-30T19:11:31]	804.000000	ms	cpu	sumloop	Racket	AllBenchmarks		0	1		nothing
[2014-07-30T19:11:31]	0.000000	ms	gc	sumloop	Racket	AllBenchmarks		0	1		nothing
[2014-07-30T19:11:31]	803.000000	ms	total	sumloop	Racket	AllBenchmarks		0	1		nothing
[2014-07-30T19:11:34]	1992.000000	ms	cpu	dderiv	Racket	AllBenchmarks		0	1		nothing
[2014-07-30T19:11:34]	132.000000	ms	gc	dderiv	Racket	AllBenchmarks		0	1		nothing
[2014-07-30T19:11:34]	1994.000000	ms	total	dderiv	Racket	AllBenchmarks		0	1		nothing
[2014-07-30T19:11:35]	324.000000	ms	cpu	wc	Racket	AllBenchmarks		0	1		nothing
[2014-07-30T19:11:35]	0.000000	ms	gc	wc	Racket	AllBenchmarks		0	1		nothing
[2014-07-30T19:11:35]	325.000000	ms	total	wc	Racket	AllBenchmarks		0	1		nothing
[2014-07-30T19:11:37]	1212.000000	ms	cpu	sumfp	Racket	AllBenchmarks		0	1		nothing
[2014-07-30T19:11:37]	96.000000	ms	gc	sumfp	Racket	AllBenchmarks		0	1		nothing
[2014-07-30T19:11:37]	1209.000000	ms	total	sumfp	Racket	AllBenchmarks		0	1		nothing
[2014-07-30T19:12:02]	148.000000	ms	cpu	sumfp	Pycket	AllBenchmarks		0	1		nothing
[2014-07-30T19:12:02]	0.000000	ms	gc	sumfp	Pycket	AllBenchmarks		0	1		nothing
[2014-07-30T19:12:02]	148.000000	ms	total	sumfp	Pycket	AllBenchmarks		0	1		nothing
[2014-07-30T19:12:10]	140.000000	ms	cpu	sum	Pycket	AllBenchmarks		0	1		nothing
[2014-07-30T19:12:10]	0.000000	ms	gc	sum	Pycket	AllBenchmarks		0	1		nothing
[2014-07-30T19:12:10]	140.000000	ms	total	sum	Pycket	AllBenchmarks		0	1		nothing
[2014-07-30T19:12:12]	1460.000000	ms	cpu	scheme	Racket	AllBenchmarks		0	1		nothing
[2014-07-30T19:12:12]	24.000000	ms	gc	scheme	Racket	AllBenchmarks		0	1		nothing
[2014-07-30T19:12:12]	1455.000000	ms	total	scheme	Racket	AllBenchmarks		0	1		nothing
[2014-07-30T19:12:14]	1176.000000	ms	cpu	trav2	Racket	AllBenchmarks		0	1		nothing
[2014-07-30T19:12:14]	0.000000	ms	gc	trav2	Racket	AllBenchmarks		0	1		nothing
[2014-07-30T19:12:14]	1175.000000	ms	total	trav2	Racket	AllBenchmarks		0	1		nothing
[2014-07-30T19:12:16]	792.000000	ms	cpu	ray	Racket	AllBenchmarks		0	1		nothing
[2014-07-30T19:12:16]	48.000000	ms	gc	ray	Racket	AllBenchmarks		0	1		nothing
[2014-07-30T19:12:16]	842.000000	ms	total	ray	Racket	AllBenchmarks		0	1		nothing
[2014-07-30T19:12:19]	2196.000000	ms	cpu	puzzle	Racket	AllBenchmarks		0	1		nothing
[2014-07-30T19:12:19]	144.000000	ms	gc	puzzle	Racket	AllBenchmarks		0	1		nothing
[2014-07-30T19:12:19]	2192.000000	ms	total	puzzle	Racket	AllBenchmarks		0	1		nothing
[2014-07-30T19:12:22]	1676.000000	ms	cpu	fibfp	Pycket	AllBenchmarks		0	1		nothing
[2014-07-30T19:12:22]	0.000000	ms	gc	fibfp	Pycket	AllBenchmarks		0	1		nothing
[2014-07-30T19:12:22]	1676.000000	ms	total	fibfp	Pycket	AllBenchmarks		0	1		nothing
[2014-07-30T19:12:25]	1768.000000	ms	cpu	primes	Racket	AllBenchmarks		0	1		nothing
[2014-07-30T19:12:25]	52.000000	ms	gc	primes	Racket	AllBenchmarks		0	1		nothing
[2014-07-30T19:12:25]	1762.000000	ms	total	primes	Racket	AllBenchmarks		0	1		nothing
[2014-07-30T19:12:32]	520.000000	ms	cpu	sum	Racket	AllBenchmarks		0	1		nothing
[2014-07-30T19:12:32]	0.000000	ms	gc	sum	Racket	AllBenchmarks		0	1		nothing
[2014-07-30T19:12:32]	518.000000	ms	total	sum	Racket	AllBenchmarks		0	1		nothing
[2014-07-30T19:12:38]	140.000000	ms	cpu	string	Racket	AllBenchmarks		0	1		nothing
[2014-07-30T19:12:38]	12.000000	ms	gc	string	Racket	AllBenchmarks		0	1		nothing
[2014-07-30T19:12:38]	141.000000	ms	total	string	Racket	AllBenchmarks		0	1		nothing
[2014-07-30T19:12:40]	432.000000	ms	cpu	slatex	Racket	AllBenchmarks		0	1		nothing
[2014-07-30T19:12:40]	28.000000	ms	gc	slatex	Racket	AllBenchmarks		0	1		nothing
[2014-07-30T19:12:40]	443.000000	ms	total	slatex	Racket	AllBenchmarks		0	1		nothing
[2014-07-30T19:12:41]	1048.000000	ms	cpu	trav1	Racket	AllBenchmarks		0	1		nothing
[2014-07-30T19:12:41]	88.000000	ms	gc	trav1	Racket	AllBenchmarks		0	1		nothing
[2014-07-30T19:12:41]	1048.000000	ms	total	trav1	Racket	AllBenchmarks		0	1		nothing
[2014-07-30T19:12:44]	1368.000000	ms	cpu	simplex	Racket	AllBenchmarks		0	1		nothing
[2014-07-30T19:12:44]	52.000000	ms	gc	simplex	Racket	AllBenchmarks		0	1		nothing
[2014-07-30T19:12:44]	1365.000000	ms	total	simplex	Racket	AllBenchmarks		0	1		nothing
